{"cameraMode":{"drawMode":0,"name":"Shaded","section":"Shading Mode"},"sceneLighting":true,"audioPlay":false,"sceneViewState":{"m_AlwaysRefresh":false,"showFog":true,"showSkybox":true,"showFlares":true,"showImageEffects":true,"showParticleSystems":true,"showVisualEffectGraphs":true,"m_FxEnabled":true},"in2DMode":false,"pivot":{"x":-5.951672554016113,"y":0.9374303817749023,"z":1.5174484252929688},"rotation":{"x":-0.008179721422493458,"y":0.9874423146247864,"z":-0.14803530275821687,"w":-0.05456132814288139},"size":12.822101593017579,"orthographic":false}