{"cameraMode":{"drawMode":0,"name":"Shaded","section":"Shading Mode"},"sceneLighting":false,"audioPlay":false,"sceneViewState":{"m_AlwaysRefresh":false,"showFog":true,"showSkybox":false,"showFlares":true,"showImageEffects":true,"showParticleSystems":true,"showVisualEffectGraphs":true,"m_FxEnabled":true},"in2DMode":false,"pivot":{"x":1.0248223543167115,"y":3.2685461044311525,"z":-0.36884963512420657},"rotation":{"x":-0.09733350574970246,"y":0.016116634011268617,"z":-0.0015776172513142229,"w":-0.9951286911964417},"size":6.0271196365356449,"orthographic":false}